"0","#Labelisation de la variable 'occupation'"
"0",""
"0","base_tp2 <-base_tp2 %>% apply_labels(occupation=""Occupation"")"
"0",""
"0","base_tp2$occupation<-recode_factor(base_tp2$occupation,`1`=""Agriculture, Elevage, Sylviculture, Pêche"",`2`=""Activités extractives"",`3`=""Activités de fabrication(Artisanat)"",`4`=""Activité de transformation"",`5`=""Production et distribution d'électricité et de gaz"",`6`=""Production et distribution d'eau,assainissement, traitement des déchets et dépollution"")"
"2","Warning: Unreplaced values treated as NA as `.x` is not compatible. "
