{"chunk_definitions":[{"row":17,"row_count":1,"visible":true,"expansion_state":0,"options":{"engine":"r","label":"unnamed-chunk-30","dev":"png"},"document_id":"F3CFB764","chunk_id":"c8h8dzwxte9v6","chunk_label":"unnamed-chunk-1"},{"row":24,"row_count":1,"visible":true,"expansion_state":0,"options":{"engine":"r","label":"unnamed-chunk-31","dev":"png"},"document_id":"F3CFB764","chunk_id":"cydqvneijhgz4","chunk_label":"unnamed-chunk-2"},{"row":59,"row_count":1,"visible":true,"expansion_state":0,"options":{"engine":"r","label":"unnamed-chunk-32","dev":"png"},"document_id":"F3CFB764","chunk_id":"ccb3d4blfdric","chunk_label":"unnamed-chunk-7"},{"row":76,"row_count":1,"visible":true,"expansion_state":0,"options":{"engine":"r","label":"unnamed-chunk-29","dev":"png"},"document_id":"F3CFB764","chunk_id":"cj5cojtzg3x98","chunk_label":"unnamed-chunk-10"}],"doc_write_time":1712195105}