{"chunk_definitions":[{"row":11,"row_count":1,"visible":true,"expansion_state":0,"options":{"engine":"r","label":"setup","include":false,"dev":"png"},"document_id":"127D3038","chunk_id":"csetup_chunk","chunk_label":"setup"},{"row":26,"row_count":1,"visible":true,"expansion_state":0,"options":{"engine":"r","label":"unnamed-chunk-196","dev":"png"},"document_id":"127D3038","chunk_id":"cdis29wvh2n37","chunk_label":"unnamed-chunk-1"},{"row":30,"row_count":1,"visible":true,"expansion_state":0,"options":{"engine":"r","label":"unnamed-chunk-254","dev":"png"},"document_id":"7CF96EAB","chunk_id":"cn01nwou4cfu3","chunk_label":"unnamed-chunk-2"},{"row":37,"row_count":1,"visible":true,"expansion_state":0,"options":{"engine":"r","label":"unnamed-chunk-252","dev":"png"},"document_id":"127D3038","chunk_id":"cjh4ft6q2hny7","chunk_label":"unnamed-chunk-3"},{"row":43,"row_count":1,"visible":true,"expansion_state":0,"options":{"engine":"r","label":"unnamed-chunk-253","dev":"png"},"document_id":"7CF96EAB","chunk_id":"c9ouedgfrvm9x","chunk_label":"unnamed-chunk-4"},{"row":54,"row_count":1,"visible":true,"expansion_state":0,"options":{},"document_id":"7CF96EAB","chunk_id":"ckwy1yjgxkwzt","chunk_label":"unnamed-chunk-5"},{"row":65,"row_count":1,"visible":true,"expansion_state":0,"options":{"engine":"r","label":"unnamed-chunk-217","dev":"png"},"document_id":"127D3038","chunk_id":"chfan2sakqhq2","chunk_label":"unnamed-chunk-7"},{"row":72,"row_count":1,"visible":true,"expansion_state":0,"options":{"engine":"r","label":"unnamed-chunk-218","dev":"png"},"document_id":"7CF96EAB","chunk_id":"c0izksg544jbr","chunk_label":"unnamed-chunk-8"},{"row":105,"row_count":1,"visible":true,"expansion_state":0,"options":{"engine":"r","label":"unnamed-chunk-247","dev":"png"},"document_id":"7CF96EAB","chunk_id":"c487vwiz50s2q","chunk_label":"unnamed-chunk-12"},{"row":120,"row_count":1,"visible":true,"expansion_state":0,"options":{},"document_id":"7CF96EAB","chunk_id":"cdj4hlb0nezos","chunk_label":"unnamed-chunk-14"},{"row":128,"row_count":1,"visible":true,"expansion_state":0,"options":{"engine":"r","label":"unnamed-chunk-225","dev":"png"},"document_id":"7CF96EAB","chunk_id":"cwup7rofly4f4","chunk_label":"unnamed-chunk-15"},{"row":133,"row_count":1,"visible":true,"expansion_state":0,"options":{"engine":"r","label":"unnamed-chunk-226","dev":"png"},"document_id":"7CF96EAB","chunk_id":"c49szgfwvp2px","chunk_label":"unnamed-chunk-16"},{"row":185,"row_count":1,"visible":true,"expansion_state":0,"options":{},"document_id":"7CF96EAB","chunk_id":"cv9r7yb5agaou","chunk_label":"unnamed-chunk-23"}],"doc_write_time":1712761509}